listahanan_id,first_name,last_name,middle_name,suffix,birthdate,sex,civil_status,contact_number,house_no,street,purok,barangay,enrollment_date,remarks,member_1_first_name,member_1_last_name,member_1_birthdate,member_1_sex,member_1_relationship,member_1_education_level,member_1_school_name,member_2_first_name,member_2_last_name,member_2_birthdate,member_2_sex,member_2_relationship,member_2_education_level,member_2_school_name,member_3_first_name,member_3_last_name,member_3_birthdate,member_3_sex,member_3_relationship,member_3_education_level,member_3_school_name
UAT-MNL-2026-001,Maria Catalina,Hernandez,Reyes,,1986-05-14,female,married,09175551001,12,Main Road,Purok 1,Mataas na Lupa,2022-01-15,UAT Mataas na Lupa Household 1,Mark Anthony,Hernandez,2010-08-12,male,child,junior_high,Mataas na Lupa National High School,Sophia,Hernandez,2015-03-22,female,child,elementary,Mataas na Lupa Elementary School,Joshua,Hernandez,2021-11-05,male,child,daycare,Mataas na Lupa Child Development Center
UAT-MNL-2026-002,Teresa,Castillo,Bautista,,1991-12-19,female,married,09175551002,45,A. Mabini St.,Purok 2,Mataas na Lupa,2022-06-18,UAT Mataas na Lupa Household 2,Christian,Castillo,2014-01-09,male,child,elementary,Mataas na Lupa Elementary School,Mia,Castillo,2018-06-21,female,child,daycare,Mataas na Lupa Child Development Center,,,
UAT-MNL-2026-003,Rosa Lind,Mendoza,Recto,,1988-09-04,female,married,09175551003,78,Sampaguita St.,Purok 3,Mataas na Lupa,2021-11-10,UAT Mataas na Lupa Household 3,Gabriel,Mendoza,2009-02-18,male,child,senior_high,Lipa City Senior High School,Hannah,Mendoza,2013-07-30,female,child,elementary,Mataas na Lupa Elementary School,Lucas,Mendoza,2019-04-10,male,child,daycare,Mataas na Lupa Child Development Center
UAT-MNL-2026-004,Corazon,De Joya,Silva,,1984-11-25,female,widowed,09175551004,101,Laurel Ave,Purok 1,Mataas na Lupa,2020-03-12,UAT Mataas na Lupa Solo Parent,Daniel,De Joya,2008-06-15,male,child,senior_high,Mataas na Lupa National High School,Beatrix,De Joya,2012-10-08,female,child,junior_high,Mataas na Lupa National High School,,,
UAT-MNL-2026-005,Juana Patricia,Macarandang,Gomez,,1993-03-17,female,married,09175551005,23,Ilang-Ilang St.,Purok 4,Mataas na Lupa,2023-01-20,UAT Mataas na Lupa Household 5,Angelo,Macarandang,2014-09-01,male,child,elementary,Mataas na Lupa Elementary School,Chloe,Macarandang,2017-12-14,female,child,elementary,Mataas na Lupa Elementary School,Mateo,Macarandang,2022-01-20,male,child,daycare,Mataas na Lupa Child Development Center
UAT-MNL-2026-006,Lourdes,Katigbak,Dimayuga,,1987-07-29,female,married,09175551006,56,Rizal St.,Purok 2,Mataas na Lupa,2021-08-05,UAT Mataas na Lupa Household 6,Adrian,Katigbak,2011-04-05,male,child,junior_high,Mataas na Lupa National High School,Samantha,Katigbak,2016-08-11,female,child,elementary,Mataas na Lupa Elementary School,,,
UAT-MNL-2026-007,Elena,Marasigan,Kalaw,,1990-10-12,female,married,09175551007,89,Bonifacio St.,Purok 3,Mataas na Lupa,2022-04-18,UAT Mataas na Lupa Household 7,Kevin,Marasigan,2012-11-23,male,child,junior_high,Mataas na Lupa National High School,Jasmine,Marasigan,2017-05-19,female,child,elementary,Mataas na Lupa Elementary School,,,
UAT-MNL-2026-008,Carmela,Alcantara,Latorre,,1989-01-30,female,separated,09175551008,34,Katipunan St.,Purok 4,Mataas na Lupa,2022-09-01,UAT Mataas na Lupa Solo Parent,Justin,Alcantara,2010-03-14,male,child,junior_high,Mataas na Lupa National High School,Andrea,Alcantara,2015-09-02,female,child,elementary,Mataas na Lupa Elementary School,Simon,Alcantara,2020-08-25,male,child,daycare,Mataas na Lupa Child Development Center
UAT-MNL-2026-009,Divina,Mercado,Leynes,,1985-08-08,female,married,09175551009,67,Magsaysay St.,Purok 1,Mataas na Lupa,2020-05-10,UAT Mataas na Lupa Household 9,Rafael,Mercado,2009-12-07,male,child,senior_high,Lipa City Senior High School,Nicole,Mercado,2013-04-18,female,child,elementary,Mataas na Lupa Elementary School,,,
UAT-MNL-2026-010,Esperanza,Umali,Mojares,,1992-06-21,female,married,09175551010,90,Quezon Ave,Purok 5,Mataas na Lupa,2023-03-15,UAT Mataas na Lupa Household 10,Dominic,Umali,2014-07-11,male,child,elementary,Mataas na Lupa Elementary School,Patricia,Umali,2018-02-28,female,child,daycare,Mataas na Lupa Child Development Center,,,
