"listahanan_id","first_name","middle_name","last_name","suffix","birthdate","sex","civil_status","contact_number","house_no","street","purok","barangay","enrollment_date","remarks","member_1_first_name","member_1_middle_name","member_1_last_name","member_1_birthdate","member_1_sex","member_1_relationship","member_1_education_level","member_1_school_name","member_2_first_name","member_2_middle_name","member_2_last_name","member_2_birthdate","member_2_sex","member_2_relationship","member_2_education_level","member_2_school_name","member_3_first_name","member_3_middle_name","member_3_last_name","member_3_birthdate","member_3_sex","member_3_relationship","member_3_education_level","member_3_school_name"
"DEF-LIPA-2026-001","Maria Clara","Dizon","Santos","","1987-04-12","female","married","09171234501","102","P. Torres St.","Purok 1","Sabang","2022-01-15","Final Defense Simulation Household 1","Juan","Dizon","Santos","2010-06-15","male","child","junior_high","Sabang National High School","Ana","Dizon","Santos","2014-08-20","female","child","elementary","Sabang Elementary School","Pedro","Dizon","Santos","2021-02-10","male","child","daycare","Sabang Child Development Center"
"DEF-LIPA-2026-002","Rodrigo","Perez","Mendoza","Jr.","1984-11-23","male","married","09181234502","45","G.A. Solis St.","Purok 2","Sabang","2021-09-10","Final Defense Simulation Household 2","Christian","Perez","Mendoza","2008-09-14","male","child","senior_high","Lipa City National High School","Sofia","Perez","Mendoza","2015-03-22","female","child","elementary","Sabang Elementary School","","","","","","","",""
"DEF-LIPA-2026-003","Juana","Tolentino","dela Cruz","","1990-09-25","female","married","09191234503","18","CM Recto Ave","Purok 3","Marawoy","2022-03-10","Final Defense Simulation Household 3","Mark","Tolentino","dela Cruz","2008-11-12","male","child","senior_high","Inosloban-Marawoy National High School","Angelica","Tolentino","dela Cruz","2015-04-05","female","child","elementary","Marawoy Elementary School","Gabriel","Tolentino","dela Cruz","2021-07-19","male","child","daycare","Marawoy Daycare Center"
"DEF-LIPA-2026-004","Antonio","Valenzuela","Hernandez","","1989-02-14","male","married","09201234504","77","National Highway","Purok 1","Marawoy","2023-01-20","Final Defense Simulation Household 4","Joshua","Valenzuela","Hernandez","2011-05-18","male","child","junior_high","Inosloban-Marawoy National High School","","","","","","","","","","","","","","","",""
"DEF-LIPA-2026-005","Corazon","Laurel","Aquino","","1988-11-30","female","widowed","09211234505","92","M.K. Lina St.","Purok 4","Tambo","2021-08-01","Final Defense Simulation Household 5","Carlo","Laurel","Aquino","2009-02-14","male","child","junior_high","Tambo National High School","Bea","Laurel","Aquino","2013-10-18","female","child","elementary","Tambo Elementary School","","","","","","","",""
"DEF-LIPA-2026-006","Elena","Gonzales","Reyes","","1992-03-14","female","married","09221234506","14","President Laurel Highway","Purok 2","Bolbok","2023-02-20","Final Defense Simulation Household 6","Daniel","Gonzales","Reyes","2010-07-22","male","child","junior_high","Bolbok National High School","Grace","Gonzales","Reyes","2016-09-30","female","child","elementary","Bolbok Elementary School","Mateo","Gonzales","Reyes","2022-05-11","male","child","daycare","Bolbok Child Development Center"
"DEF-LIPA-2026-007","Rosa","Mercado","Villanueva","","1985-07-08","female","married","09231234507","56","Gen. Luna St.","Purok 3","Lodlod","2020-11-12","Final Defense Simulation Household 7","Lucas","Mercado","Villanueva","2007-12-04","male","child","senior_high","Lipa City Science High School","Chloe","Mercado","Villanueva","2011-05-17","female","child","junior_high","Lodlod National High School","Ethan","Mercado","Villanueva","2016-08-25","male","child","elementary","Lodlod Elementary School"
"DEF-LIPA-2026-008","Teresa","Bautista","Castillo","","1991-12-19","female","married","09241234508","88","A. Mabini St.","Purok 5","Mataas na Lupa","2022-06-18","Final Defense Simulation Household 8","Christian","Bautista","Castillo","2014-01-09","male","child","elementary","Mataas na Lupa Elementary School","Mia","Bautista","Castillo","2020-06-21","female","child","daycare","Mataas na Lupa Child Center","","","","","","","",""
"DEF-LIPA-2026-009","Lourdes","Alvarez","Bautista","","1987-05-02","female","married","09251234509","101","J.P. Laurel St.","Purok 2","Banaybanay","2021-04-25","Final Defense Simulation Household 9","Angelo","Alvarez","Bautista","2010-09-14","male","child","junior_high","Banaybanay National High School","Samantha","Alvarez","Bautista","2015-11-03","female","child","elementary","Banaybanay Elementary School","","","","","","","",""
"DEF-LIPA-2026-010","Carmela","Torres","Ramos","","1989-10-15","female","married","09261234510","234","Katipunan St.","Purok 3","Antipolo del Norte","2022-09-01","Final Defense Simulation Household 10","Adrian","Torres","Ramos","2011-03-29","male","child","junior_high","Antipolo National High School","Angelica","Torres","Ramos","2016-01-14","female","child","elementary","Antipolo Elementary School","Simon","Torres","Ramos","2021-11-08","male","child","daycare","Antipolo Daycare Center"
"DEF-LIPA-2026-011","Divina","Fernandez","Garcia","","1993-01-22","female","separated","09271234511","67","San Jose St.","Purok 1","Kayumanggi","2023-01-10","Final Defense Simulation Household 11","John","Fernandez","Garcia","2012-08-08","male","child","elementary","Kayumanggi Elementary School","Hannah","Fernandez","Garcia","2017-04-12","female","child","elementary","Kayumanggi Elementary School","","","","","","","",""
"DEF-LIPA-2026-012","Esperanza","Cruz","Navarro","","1986-06-11","female","married","09281234512","150","Lipa-Ibaan Rd","Purok 4","Inosloban","2020-05-15","Final Defense Simulation Household 12","Rafael","Cruz","Navarro","2009-04-30","male","child","junior_high","Inosloban-Marawoy National High School","Patricia","Cruz","Navarro","2013-10-22","female","child","elementary","Inosloban Elementary School","Noah","Cruz","Navarro","2021-03-17","male","child","daycare","Inosloban Child Center"
"DEF-LIPA-2026-013","Gloria","Silva","Macatangay","","1983-08-19","female","married","09291234513","32","Balintawak Highway","Purok 2","Balintawak","2021-02-18","Final Defense Simulation Household 13","Kaye","Silva","Macatangay","2008-01-15","female","child","senior_high","Lipa City National High School","Liam","Silva","Macatangay","2014-06-10","male","child","elementary","Balintawak Elementary School","","","","","","","",""
"DEF-LIPA-2026-014","Imelda","Dimaano","Dimaculangan","","1988-03-27","female","married","09301234514","73","Anilao Proper","Purok 1","Anilao","2022-07-25","Final Defense Simulation Household 14","Justin","Dimaano","Dimaculangan","2010-12-05","male","child","junior_high","Anilao National High School","Jasmine","Dimaano","Dimaculangan","2015-08-14","female","child","elementary","Anilao Elementary School","Jacob","Dimaano","Dimaculangan","2022-01-09","male","child","daycare","Anilao Daycare Center"
"DEF-LIPA-2026-015","Lilia","Rocafort","Marasigan","","1984-12-03","female","married","09311234515","19","Bagong Pook St.","Purok 3","Bagong Pook","2021-10-05","Final Defense Simulation Household 15","Francis","Rocafort","Marasigan","2007-05-19","male","child","senior_high","Lipa City Science High School","Fiona","Rocafort","Marasigan","2011-09-24","female","child","junior_high","Bagong Pook High School","","","","","","","",""
"DEF-LIPA-2026-016","Perlita","Natividad","Silva","","1991-05-16","female","married","09321234516","84","Dagatan Road","Purok 4","Dagatan","2023-03-12","Final Defense Simulation Household 16","Elijah","Natividad","Silva","2012-03-11","male","child","elementary","Dagatan Elementary School","Ella","Natividad","Silva","2017-07-07","female","child","elementary","Dagatan Elementary School","Enzo","Natividad","Silva","2021-10-30","male","child","daycare","Dagatan Daycare Center"
"DEF-LIPA-2026-017","Remedios","Kalaw","Katigbak","","1986-09-08","female","married","09331234517","5","C.M. Recto St.","Purok 1","Lipa City Poblacion","2020-04-10","Final Defense Simulation Household 17","Vince","Kalaw","Katigbak","2008-08-14","male","child","senior_high","Lipa City National High School","","","","","","","","","","","","","","","",""
"DEF-LIPA-2026-018","Vilma","Morales","Recto","","1989-04-04","female","married","09341234518","112","Pinagkawitan Main St.","Purok 2","Pinagkawitan","2022-08-19","Final Defense Simulation Household 18","Dominic","Morales","Recto","2010-02-28","male","child","junior_high","Pinagkawitan National High School","Denise","Morales","Recto","2016-11-15","female","child","elementary","Pinagkawitan Elementary School","","","","","","","",""
"DEF-LIPA-2026-019","Yolanda","Espiritu","Caringal","","1990-10-10","female","married","09351234519","61","Sico-Banaybanay Rd","Purok 3","Sico","2021-06-25","Final Defense Simulation Household 19","Tristan","Espiritu","Caringal","2011-10-09","male","child","junior_high","Sico National High School","Thea","Espiritu","Caringal","2016-04-18","female","child","elementary","Sico Elementary School","Toby","Espiritu","Caringal","2021-08-22","male","child","daycare","Sico Daycare Center"
"DEF-LIPA-2026-020","Zenaida","Tolentino","Latorre","","1988-06-30","female","married","09361234520","98","Tibig Proper","Purok 1","Tibig","2021-12-01","Final Defense Simulation Household 20","Kiel","Tolentino","Latorre","2013-09-05","male","child","elementary","Tibig Elementary School","Kylie","Tolentino","Latorre","2018-05-12","female","child","preschool","Tibig Daycare Center","","","","","","","",""
